"Threshold";"year_end";"country";"geo";"noise_source";"mapping_extend";"agglomeration";"location";"inhabitants_lden_gf";"inhabitants_lnight_gf";"x_s_annoy_18";"x_h_sleepd";"x_all_nat_mort";"x_CVD";"x_diabetes";"s_annoy_yld_0011";"h_sleepd_yld_0010";"x_CVD_yld";"x_diab_yld";"x_mort_yll";"location_or_all";"name_stadt_gemeinde"
"END";"2022";"Germany";"DE";"road";"major sources";"outside agglomerations";"all";"6883100";"4286500";"977241";"233024";"3275";"2621";"998";"10750";"2330";"1735";"1690";"52565";"all Germany";"all"
"END";"2022";"Germany";"DE";"rail";"major sources";"outside agglomerations";"all";"1239500";"943900";"189559";"88370";"570";"456";"174";"2085";"884";"302";"294";"9152";"all Germany";"all"
"END";"2022";"Germany";"DE";"air";"major sources";"outside agglomerations";"Berlin Schonefeld Airport";"12600";"800";"3229";"147";"0";"0";"0";"36";"1";"0";"0";"2";"location specific";"Berlin Schonefeld Airport"
"END";"2022";"Germany";"DE";"air";"major sources";"outside agglomerations";"Cologne Bonn Airport";"64600";"45100";"17510";"8693";"4";"3";"1";"193";"87";"2";"2";"56";"location specific";"Köln Bonn Airport"
"END";"2022";"Germany";"DE";"air";"major sources";"outside agglomerations";"Dusseldorf Internatinal Airport";"43700";"9000";"12470";"1749";"1";"1";"0";"137";"17";"1";"1";"24";"location specific";"Dusseldorf Internatinal Airport"
"END";"2022";"Germany";"DE";"air";"major sources";"outside agglomerations";"Frankfurt  am Main Airport";"164900";"41400";"43910";"7743";"23";"18";"7";"483";"77";"12";"12";"371";"location specific";"Frankfurt  am Main Airport"
"END";"2022";"Germany";"DE";"air";"major sources";"outside agglomerations";"Hamburg  Airport";"11200";"200";"2910";"37";"0";"0";"0";"32";"0";"0";"0";"2";"location specific";"Hamburg  Airport"
"END";"2022";"Germany";"DE";"air";"major sources";"outside agglomerations";"Hanover Langenhagen Airport";"27100";"17200";"7370";"3264";"1";"0";"0";"81";"33";"0";"0";"10";"location specific";"Hannover Langenhagen Airport"
"END";"2022";"Germany";"DE";"air";"major sources";"outside agglomerations";"Leipzig/Halle Airport";"24500";"22000";"6617";"4236";"1";"0";"0";"73";"42";"0";"0";"8";"location specific";"Leipzig/Halle (Saale) Airport"
"END";"2022";"Germany";"DE";"air";"major sources";"outside agglomerations";"Munich Airport";"2000";"100";"515";"18";"0";"0";"0";"6";"0";"0";"0";"0";"location specific";"München Airport"
"END";"2022";"Germany";"DE";"air";"major sources";"outside agglomerations";"Stuttgart  Airport";"27100";"5400";"7288";"1006";"1";"0";"0";"80";"10";"0";"0";"10";"location specific";"Stuttgart  Airport"
"END";"2022";"Germany";"DE";"air";"different sources";"inside agglomerations";"Bergisch Gladbach";"2900";"1300";"736";"239";"1";"1";"0";"8";"2";"0";"0";"14";"location specific";"Bergisch Gladbach"
"END";"2022";"Germany";"DE";"air";"different sources";"inside agglomerations";"Berlin";"8800";"1300";"2271";"239";"3";"2";"1";"25";"2";"1";"1";"42";"location specific";"Berlin"
"END";"2022";"Germany";"DE";"air";"different sources";"inside agglomerations";"Bremen";"10700";"100";"2732";"18";"3";"3";"1";"30";"0";"2";"2";"50";"location specific";"Bremen"
"END";"2022";"Germany";"DE";"air";"different sources";"inside agglomerations";"Brunswick";"0";"0";"0";"0";"0";"0";"0";"0";"0";"0";"0";"0";"location specific";"Braunschweig"
"END";"2022";"Germany";"DE";"air";"different sources";"inside agglomerations";"Cologne";"103400";"71700";"27736";"13626";"33";"26";"10";"305";"136";"18";"17";"531";"location specific";"Köln"
"END";"2022";"Germany";"DE";"air";"different sources";"inside agglomerations";"Darmstadt";"27000";"0";"6982";"0";"10";"8";"3";"77";"0";"5";"5";"159";"location specific";"Darmstadt"
"END";"2022";"Germany";"DE";"air";"different sources";"inside agglomerations";"Dortmund";"1300";"100";"330";"18";"0";"0";"0";"4";"0";"0";"0";"6";"location specific";"Dortmund"
"END";"2022";"Germany";"DE";"air";"different sources";"inside agglomerations";"Dresden";"1900";"0";"490";"0";"1";"0";"0";"5";"0";"0";"0";"9";"location specific";"Dresden"
"END";"2022";"Germany";"DE";"air";"different sources";"inside agglomerations";"Duesseldorf";"7200";"800";"2265";"193";"3";"2";"1";"25";"2";"1";"1";"44";"location specific";"Düsseldorf"
"END";"2022";"Germany";"DE";"air";"different sources";"inside agglomerations";"Essen";"24200";"5800";"6145";"1065";"7";"6";"2";"68";"11";"4";"4";"113";"location specific";"Essen"
"END";"2022";"Germany";"DE";"air";"different sources";"inside agglomerations";"Frankfurt on the Main";"39200";"2800";"10224";"514";"12";"9";"4";"112";"5";"6";"6";"188";"location specific";"Frankfurt am Main"
"END";"2022";"Germany";"DE";"air";"different sources";"inside agglomerations";"Fuerth";"3100";"800";"787";"147";"1";"1";"0";"9";"1";"0";"0";"14";"location specific";"Fürth"
"END";"2022";"Germany";"DE";"air";"different sources";"inside agglomerations";"Halle";"500";"300";"127";"55";"0";"0";"0";"1";"1";"0";"0";"2";"location specific";"Halle (Saale)"
"END";"2022";"Germany";"DE";"air";"different sources";"inside agglomerations";"Hamburg";"65500";"7600";"18115";"1480";"21";"17";"6";"199";"15";"11";"11";"335";"location specific";"Hamburg"
"END";"2022";"Germany";"DE";"air";"different sources";"inside agglomerations";"Hanau";"31500";"0";"8047";"0";"14";"12";"4";"89";"0";"8";"7";"230";"location specific";"Hanau"
"END";"2022";"Germany";"DE";"air";"different sources";"inside agglomerations";"Hanover";"0";"0";"0";"0";"0";"0";"0";"0";"0";"0";"0";"0";"location specific";"Hannover"
"END";"2022";"Germany";"DE";"air";"different sources";"inside agglomerations";"Leipzig";"1600";"1400";"475";"272";"1";"0";"0";"5";"3";"0";"0";"10";"location specific";"Leipzig"
"END";"2022";"Germany";"DE";"air";"different sources";"inside agglomerations";"Ludwigshafen";"100";"0";"25";"0";"0";"0";"0";"0";"0";"0";"0";"0";"location specific";"Ludwigshafen am Rhein"
"END";"2022";"Germany";"DE";"air";"different sources";"inside agglomerations";"Mainz";"25800";"0";"6637";"0";"9";"7";"3";"73";"0";"5";"4";"137";"location specific";"Mainz"
"END";"2022";"Germany";"DE";"air";"different sources";"inside agglomerations";"Mannheim";"0";"0";"0";"0";"0";"0";"0";"0";"0";"0";"0";"0";"location specific";"Mannheim"
"END";"2022";"Germany";"DE";"air";"different sources";"inside agglomerations";"Muelheim on the Ruhr";"0";"0";"0";"0";"0";"0";"0";"0";"0";"0";"0";"0";"location specific";"Mülheim an der Ruhr"
"END";"2022";"Germany";"DE";"air";"different sources";"inside agglomerations";"Neuss";"8900";"0";"2260";"0";"3";"2";"1";"25";"0";"1";"1";"42";"location specific";"Neuss"
"END";"2022";"Germany";"DE";"air";"different sources";"inside agglomerations";"Nuremberg";"800";"200";"210";"37";"0";"0";"0";"2";"0";"0";"0";"4";"location specific";"Nürnberg"
"END";"2022";"Germany";"DE";"air";"different sources";"inside agglomerations";"Offenbach on the Main";"110400";"38200";"29601";"7069";"75";"60";"23";"326";"71";"40";"38";"1200";"location specific";"Offenbach am Main"
"END";"2022";"Germany";"DE";"air";"different sources";"inside agglomerations";"Stuttgart";"0";"0";"0";"0";"0";"0";"0";"0";"0";"0";"0";"0";"location specific";"Stuttgart"
"END";"2022";"Germany";"DE";"air";"different sources";"inside agglomerations";"Wiesbaden";"0";"0";"0";"0";"0";"0";"0";"0";"0";"0";"0";"0";"location specific";"Wiesbaden"
"END";"2022";"Germany";"DE";"road";"different sources";"inside agglomerations";"Aachen";"102600";"77000";"17579";"4772";"68";"54";"21";"193";"48";"36";"35";"1087";"location specific";"Aachen"
"END";"2022";"Germany";"DE";"road";"different sources";"inside agglomerations";"Augsburg";"106900";"74000";"17349";"4333";"64";"52";"20";"191";"43";"34";"33";"1035";"location specific";"Augsburg"
"END";"2022";"Germany";"DE";"road";"different sources";"inside agglomerations";"Bergisch Gladbach";"44800";"27800";"6750";"1484";"27";"22";"8";"74";"15";"14";"14";"437";"location specific";"Bergisch Gladbach"
"END";"2022";"Germany";"DE";"road";"different sources";"inside agglomerations";"Berlin";"1172900";"941900";"188921";"56502";"680";"546";"207";"2078";"565";"361";"350";"10909";"location specific";"Berlin"
"END";"2022";"Germany";"DE";"road";"different sources";"inside agglomerations";"Bielefeld";"176200";"120300";"26237";"6530";"120";"96";"36";"289";"65";"64";"62";"1919";"location specific";"Bielefeld"
"END";"2022";"Germany";"DE";"road";"different sources";"inside agglomerations";"Bochum";"196800";"121900";"28642";"6471";"132";"106";"40";"315";"65";"70";"68";"2122";"location specific";"Bochum"
"END";"2022";"Germany";"DE";"road";"different sources";"inside agglomerations";"Bonn";"182000";"139900";"30211";"8331";"134";"108";"41";"332";"83";"72";"69";"2153";"location specific";"Bonn"
"END";"2022";"Germany";"DE";"road";"different sources";"inside agglomerations";"Bottrop";"73900";"51300";"11674";"2832";"57";"46";"17";"128";"28";"30";"29";"912";"location specific";"Bottrop"
"END";"2022";"Germany";"DE";"road";"different sources";"inside agglomerations";"Bremen";"302000";"228900";"45344";"12945";"208";"167";"63";"499";"129";"111";"107";"3336";"location specific";"Bremen"
"END";"2022";"Germany";"DE";"road";"different sources";"inside agglomerations";"Bremerhaven";"54600";"34600";"8358";"1930";"36";"29";"11";"92";"19";"19";"18";"571";"location specific";"Bremerhaven"
"END";"2022";"Germany";"DE";"road";"different sources";"inside agglomerations";"Brunswick";"111500";"68900";"16545";"3753";"70";"56";"21";"182";"38";"37";"36";"1122";"location specific";"Braunschweig"
"END";"2022";"Germany";"DE";"road";"different sources";"inside agglomerations";"Chemnitz";"77300";"52300";"12095";"2940";"50";"40";"15";"133";"29";"27";"26";"801";"location specific";"Chemnitz"
"END";"2022";"Germany";"DE";"road";"different sources";"inside agglomerations";"Cologne";"544200";"417100";"93024";"25935";"391";"315";"119";"1023";"259";"208";"201";"6277";"location specific";"Köln"
"END";"2022";"Germany";"DE";"road";"different sources";"inside agglomerations";"Darmstadt";"59700";"42800";"9907";"2606";"37";"29";"11";"109";"26";"20";"19";"589";"location specific";"Darmstadt"
"END";"2022";"Germany";"DE";"road";"different sources";"inside agglomerations";"Dortmund";"303900";"203800";"46830";"11331";"205";"165";"62";"515";"113";"109";"106";"3292";"location specific";"Dortmund"
"END";"2022";"Germany";"DE";"road";"different sources";"inside agglomerations";"Dresden";"163000";"117500";"23912";"6057";"88";"71";"27";"263";"61";"47";"45";"1416";"location specific";"Dresden"
"END";"2022";"Germany";"DE";"road";"different sources";"inside agglomerations";"Duesseldorf";"485500";"358400";"80386";"21186";"422";"341";"128";"884";"212";"226";"217";"6770";"location specific";"Düsseldorf"
"END";"2022";"Germany";"DE";"road";"different sources";"inside agglomerations";"Duisburg";"180900";"134800";"29818";"7864";"111";"89";"34";"328";"79";"59";"57";"1775";"location specific";"Duisburg"
"END";"2022";"Germany";"DE";"road";"different sources";"inside agglomerations";"Erlangen";"68900";"49500";"10338";"2697";"50";"40";"15";"114";"27";"27";"26";"804";"location specific";"Erlangen"
"END";"2022";"Germany";"DE";"road";"different sources";"inside agglomerations";"Essen";"248700";"186100";"45922";"12060";"173";"139";"53";"505";"121";"92";"89";"2783";"location specific";"Essen"
"END";"2022";"Germany";"DE";"road";"different sources";"inside agglomerations";"Frankfurt on the Main";"319900";"240401";"51233";"14047";"204";"164";"62";"564";"140";"108";"105";"3271";"location specific";"Frankfurt am Main"
"END";"2022";"Germany";"DE";"road";"different sources";"inside agglomerations";"Freiburg";"77200";"49100";"11296";"2563";"43";"35";"13";"124";"26";"23";"22";"690";"location specific";"Freiburg im Breisgau"
"END";"2022";"Germany";"DE";"road";"different sources";"inside agglomerations";"Fuerth";"51400";"35400";"7973";"1946";"32";"25";"10";"88";"19";"17";"16";"507";"location specific";"Fürth"
"END";"2022";"Germany";"DE";"road";"different sources";"inside agglomerations";"Gelsenkirchen";"141100";"95300";"22067";"5498";"100";"80";"30";"243";"55";"53";"51";"1604";"location specific";"Gelsenkirchen"
"END";"2022";"Germany";"DE";"road";"different sources";"inside agglomerations";"Goettingen";"50000";"30000";"7059";"1549";"28";"23";"9";"78";"15";"15";"15";"453";"location specific";"Göttingen"
"END";"2022";"Germany";"DE";"road";"different sources";"inside agglomerations";"Hagen";"77800";"50600";"11663";"2866";"47";"38";"14";"128";"29";"25";"24";"760";"location specific";"Hagen"
"END";"2022";"Germany";"DE";"road";"different sources";"inside agglomerations";"Halle";"120100";"85601";"18525";"4847";"82";"66";"25";"204";"48";"43";"42";"1310";"location specific";"Halle (Saale)"
"END";"2022";"Germany";"DE";"road";"different sources";"inside agglomerations";"Hamburg";"628900";"448400";"95208";"23747";"359";"288";"109";"1047";"237";"191";"185";"5763";"location specific";"Hamburg"
"END";"2022";"Germany";"DE";"road";"different sources";"inside agglomerations";"Hanau";"37600";"26700";"5874";"1518";"23";"18";"7";"65";"15";"12";"12";"363";"location specific";"Hanau"
"END";"2022";"Germany";"DE";"road";"different sources";"inside agglomerations";"Hanover";"189500";"121300";"27713";"6239";"107";"86";"33";"305";"62";"57";"55";"1714";"location specific";"Hannover"
"END";"2022";"Germany";"DE";"road";"different sources";"inside agglomerations";"Heidelberg";"66100";"41200";"9613";"2125";"40";"32";"12";"106";"21";"21";"20";"638";"location specific";"Heidelberg"
"END";"2022";"Germany";"DE";"road";"different sources";"inside agglomerations";"Heilbronn";"40100";"28000";"6633";"1627";"23";"18";"7";"73";"16";"12";"12";"368";"location specific";"Heilbronn"
"END";"2022";"Germany";"DE";"road";"different sources";"inside agglomerations";"Herne";"105300";"83600";"18721";"5400";"88";"71";"27";"206";"54";"47";"46";"1420";"location specific";"Herne"
"END";"2022";"Germany";"DE";"road";"different sources";"inside agglomerations";"Hildesheim";"44400";"28300";"6376";"1467";"27";"22";"8";"70";"15";"14";"14";"431";"location specific";"Hildesheim"
"END";"2022";"Germany";"DE";"road";"different sources";"inside agglomerations";"Ingolstadt";"79500";"47800";"11301";"2524";"54";"44";"17";"124";"25";"29";"28";"873";"location specific";"Ingolstadt"
"END";"2022";"Germany";"DE";"road";"different sources";"inside agglomerations";"Karlsruhe";"105500";"67200";"15140";"3439";"58";"47";"18";"167";"34";"31";"30";"936";"location specific";"Karlsruhe"
"END";"2022";"Germany";"DE";"road";"different sources";"inside agglomerations";"Kassel";"97700";"73800";"17183";"4696";"70";"56";"21";"189";"47";"37";"36";"1124";"location specific";"Kassel"
"END";"2022";"Germany";"DE";"road";"different sources";"inside agglomerations";"Kiel";"80800";"53000";"12315";"2875";"46";"37";"14";"135";"29";"24";"23";"730";"location specific";"Kiel"
"END";"2022";"Germany";"DE";"road";"different sources";"inside agglomerations";"Koblenz";"37700";"26000";"5712";"1427";"21";"17";"6";"63";"14";"11";"11";"342";"location specific";"Koblenz"
"END";"2022";"Germany";"DE";"road";"different sources";"inside agglomerations";"Krefeld";"104800";"68500";"16038";"3822";"68";"55";"21";"176";"38";"36";"35";"1094";"location specific";"Krefeld"
"END";"2022";"Germany";"DE";"road";"different sources";"inside agglomerations";"Leipzig";"228800";"180600";"35881";"10671";"139";"112";"42";"395";"107";"74";"72";"2232";"location specific";"Leipzig"
"END";"2022";"Germany";"DE";"road";"different sources";"inside agglomerations";"Leverkusen";"118300";"88401";"17130";"4770";"92";"74";"28";"188";"48";"49";"47";"1473";"location specific";"Leverkusen"
"END";"2022";"Germany";"DE";"road";"different sources";"inside agglomerations";"Ludwigshafen";"72800";"53000";"11000";"2947";"45";"36";"14";"121";"29";"24";"23";"728";"location specific";"Ludwigshafen am Rhein"
"END";"2022";"Germany";"DE";"road";"different sources";"inside agglomerations";"Luebeck";"62500";"44300";"9723";"2486";"34";"27";"10";"107";"25";"18";"18";"546";"location specific";"Lübeck"
"END";"2022";"Germany";"DE";"road";"different sources";"inside agglomerations";"Magdeburg";"97900";"61300";"14670";"3418";"60";"48";"18";"161";"34";"32";"31";"959";"location specific";"Magdeburg"
"END";"2022";"Germany";"DE";"road";"different sources";"inside agglomerations";"Mainz";"121300";"90900";"18274";"4964";"85";"69";"26";"201";"50";"46";"44";"1371";"location specific";"Mainz"
"END";"2022";"Germany";"DE";"road";"different sources";"inside agglomerations";"Mannheim";"123300";"79300";"19882";"4241";"78";"62";"24";"219";"42";"41";"40";"1245";"location specific";"Mannheim"
"END";"2022";"Germany";"DE";"road";"different sources";"inside agglomerations";"Moenchengladbach";"108400";"84500";"17211";"4621";"68";"55";"21";"189";"46";"36";"35";"1093";"location specific";"Mönchengladbach"
"END";"2022";"Germany";"DE";"road";"different sources";"inside agglomerations";"Moers";"29300";"20600";"4598";"1209";"16";"13";"5";"51";"12";"8";"8";"254";"location specific";"Moers"
"END";"2022";"Germany";"DE";"road";"different sources";"inside agglomerations";"Muelheim on the Ruhr";"94500";"63800";"15130";"3579";"68";"55";"21";"166";"36";"36";"35";"1096";"location specific";"Mülheim an der Ruhr"
"END";"2022";"Germany";"DE";"road";"different sources";"inside agglomerations";"Muenster";"99500";"71300";"15497";"3990";"56";"45";"17";"170";"40";"30";"29";"897";"location specific";"Münster"
"END";"2022";"Germany";"DE";"road";"different sources";"inside agglomerations";"Munich";"548800";"394400";"92967";"24537";"340";"273";"104";"1023";"245";"181";"175";"5460";"location specific";"München"
"END";"2022";"Germany";"DE";"road";"different sources";"inside agglomerations";"Neuss";"98500";"69400";"15148";"3907";"75";"60";"23";"167";"39";"40";"38";"1196";"location specific";"Neuss"
"END";"2022";"Germany";"DE";"road";"different sources";"inside agglomerations";"Nuremberg";"179400";"124600";"28383";"7251";"105";"84";"32";"312";"73";"56";"54";"1683";"location specific";"Nürnberg"
"END";"2022";"Germany";"DE";"road";"different sources";"inside agglomerations";"Oberhausen";"133600";"101600";"21266";"5629";"104";"84";"32";"234";"56";"55";"53";"1667";"location specific";"Oberhausen"
"END";"2022";"Germany";"DE";"road";"different sources";"inside agglomerations";"Offenbach on the Main";"48200";"35600";"8564";"2338";"30";"24";"9";"94";"23";"16";"16";"488";"location specific";"Offenbach am Main"
"END";"2022";"Germany";"DE";"road";"different sources";"inside agglomerations";"Oldenburg";"55500";"29900";"7510";"1485";"29";"24";"9";"83";"15";"16";"15";"473";"location specific";"Oldenburg (Oldenburg)"
"END";"2022";"Germany";"DE";"road";"different sources";"inside agglomerations";"Osnabrueck";"68200";"50100";"11027";"2877";"43";"35";"13";"121";"29";"23";"22";"695";"location specific";"Osnabrück"
"END";"2022";"Germany";"DE";"road";"different sources";"inside agglomerations";"Pforzheim";"58200";"42700";"9613";"2525";"40";"32";"12";"106";"25";"21";"20";"637";"location specific";"Pforzheim"
"END";"2022";"Germany";"DE";"road";"different sources";"inside agglomerations";"Potsdam";"77400";"54100";"12293";"2965";"50";"41";"15";"135";"30";"27";"26";"809";"location specific";"Potsdam"
"END";"2022";"Germany";"DE";"road";"different sources";"inside agglomerations";"Recklinghausen";"59300";"46300";"9791";"2907";"41";"33";"13";"108";"29";"22";"21";"664";"location specific";"Recklinghausen"
"END";"2022";"Germany";"DE";"road";"different sources";"inside agglomerations";"Regensburg";"53900";"33800";"7554";"1667";"30";"24";"9";"83";"17";"16";"15";"479";"location specific";"Regensburg"
"END";"2022";"Germany";"DE";"road";"different sources";"inside agglomerations";"Remscheid";"18200";"18700";"3091";"1238";"9";"7";"3";"34";"12";"5";"4";"139";"location specific";"Remscheid"
"END";"2022";"Germany";"DE";"road";"different sources";"inside agglomerations";"Reutlingen";"28000";"17900";"4160";"943";"14";"11";"4";"46";"9";"7";"7";"226";"location specific";"Reutlingen"
"END";"2022";"Germany";"DE";"road";"different sources";"inside agglomerations";"Rostock";"55500";"34100";"7593";"1664";"28";"22";"8";"84";"17";"15";"14";"445";"location specific";"Rostock"
"END";"2022";"Germany";"DE";"road";"different sources";"inside agglomerations";"Saarbruecken";"72000";"54500";"12428";"3355";"47";"37";"14";"137";"34";"25";"24";"748";"location specific";"Saarbrücken"
"END";"2022";"Germany";"DE";"road";"different sources";"inside agglomerations";"Solingen";"46600";"37300";"7936";"2232";"27";"21";"8";"87";"22";"14";"14";"428";"location specific";"Solingen"
"END";"2022";"Germany";"DE";"road";"different sources";"inside agglomerations";"Stuttgart";"195900";"136000";"31252";"7788";"112";"90";"34";"344";"78";"60";"58";"1799";"location specific";"Stuttgart"
"END";"2022";"Germany";"DE";"road";"different sources";"inside agglomerations";"Ulm";"38100";"24100";"5841";"1314";"21";"17";"6";"64";"13";"11";"11";"335";"location specific";"Ulm"
"END";"2022";"Germany";"DE";"road";"different sources";"inside agglomerations";"Wiesbaden";"124800";"94701";"21491";"5925";"85";"68";"26";"236";"59";"45";"44";"1363";"location specific";"Wiesbaden"
"END";"2022";"Germany";"DE";"road";"different sources";"inside agglomerations";"Wuerzburg";"48500";"26700";"6953";"1438";"28";"22";"9";"76";"14";"15";"14";"449";"location specific";"Würzburg"
"END";"2022";"Germany";"DE";"road";"different sources";"inside agglomerations";"Wuppertal";"110900";"82400";"17785";"4723";"62";"50";"19";"196";"47";"33";"32";"1003";"location specific";"Wuppertal"
"END";"2022";"Germany";"DE";"rail";"different sources";"inside agglomerations";"Aachen";"12800";"10900";"2184";"1180";"8";"6";"2";"24";"12";"4";"4";"129";"location specific";"Aachen"
"END";"2022";"Germany";"DE";"rail";"different sources";"inside agglomerations";"Augsburg";"34900";"26100";"5642";"2294";"22";"17";"7";"62";"23";"12";"11";"348";"location specific";"Augsburg"
"END";"2022";"Germany";"DE";"rail";"different sources";"inside agglomerations";"Bergisch Gladbach";"1400";"700";"180";"51";"1";"1";"0";"2";"1";"0";"0";"11";"location specific";"Bergisch Gladbach"
"END";"2022";"Germany";"DE";"rail";"different sources";"inside agglomerations";"Berlin";"352600";"252100";"56099";"24793";"210";"169";"64";"617";"248";"112";"108";"3378";"location specific";"Berlin"
"END";"2022";"Germany";"DE";"rail";"different sources";"inside agglomerations";"Bielefeld";"21200";"16900";"3818";"1896";"14";"11";"4";"42";"19";"7";"7";"226";"location specific";"Bielefeld"
"END";"2022";"Germany";"DE";"rail";"different sources";"inside agglomerations";"Bochum";"33300";"26500";"5428";"2405";"21";"17";"6";"60";"24";"11";"11";"338";"location specific";"Bochum"
"END";"2022";"Germany";"DE";"rail";"different sources";"inside agglomerations";"Bonn";"56400";"48000";"10454";"5780";"38";"30";"12";"115";"58";"20";"19";"607";"location specific";"Bonn"
"END";"2022";"Germany";"DE";"rail";"different sources";"inside agglomerations";"Bottrop";"3200";"2500";"435";"208";"2";"1";"1";"5";"2";"1";"1";"27";"location specific";"Bottrop"
"END";"2022";"Germany";"DE";"rail";"different sources";"inside agglomerations";"Bremen";"88900";"67200";"14128";"6084";"54";"44";"16";"155";"61";"29";"28";"870";"location specific";"Bremen"
"END";"2022";"Germany";"DE";"rail";"different sources";"inside agglomerations";"Bremerhaven";"7900";"5800";"1030";"451";"4";"3";"1";"11";"5";"2";"2";"64";"location specific";"Bremerhaven"
"END";"2022";"Germany";"DE";"rail";"different sources";"inside agglomerations";"Brunswick";"14200";"9400";"2066";"800";"8";"6";"2";"23";"8";"4";"4";"129";"location specific";"Braunschweig"
"END";"2022";"Germany";"DE";"rail";"different sources";"inside agglomerations";"Chemnitz";"6200";"3600";"889";"273";"3";"3";"1";"10";"3";"2";"2";"56";"location specific";"Chemnitz"
"END";"2022";"Germany";"DE";"rail";"different sources";"inside agglomerations";"Cologne";"156000";"124000";"24294";"11307";"93";"75";"28";"267";"113";"49";"48";"1488";"location specific";"Köln"
"END";"2022";"Germany";"DE";"rail";"different sources";"inside agglomerations";"Darmstadt";"9500";"4900";"1302";"434";"5";"4";"2";"14";"4";"3";"3";"81";"location specific";"Darmstadt"
"END";"2022";"Germany";"DE";"rail";"different sources";"inside agglomerations";"Dortmund";"47300";"33600";"7839";"3340";"29";"23";"9";"86";"33";"16";"15";"468";"location specific";"Dortmund"
"END";"2022";"Germany";"DE";"rail";"different sources";"inside agglomerations";"Dresden";"84900";"59100";"12828";"5151";"50";"40";"15";"141";"52";"27";"26";"800";"location specific";"Dresden"
"END";"2022";"Germany";"DE";"rail";"different sources";"inside agglomerations";"Duesseldorf";"142700";"113000";"26083";"12142";"97";"78";"30";"287";"121";"52";"50";"1559";"location specific";"Düsseldorf"
"END";"2022";"Germany";"DE";"rail";"different sources";"inside agglomerations";"Duisburg";"50300";"38300";"8219";"3550";"31";"25";"9";"90";"36";"17";"16";"499";"location specific";"Duisburg"
"END";"2022";"Germany";"DE";"rail";"different sources";"inside agglomerations";"Erlangen";"900";"800";"128";"73";"0";"0";"0";"1";"1";"0";"0";"8";"location specific";"Erlangen"
"END";"2022";"Germany";"DE";"rail";"different sources";"inside agglomerations";"Essen";"37000";"28400";"5774";"2237";"23";"18";"7";"64";"22";"12";"12";"364";"location specific";"Essen"
"END";"2022";"Germany";"DE";"rail";"different sources";"inside agglomerations";"Frankfurt on the Main";"90400";"60400";"14026";"5984";"53";"42";"16";"154";"60";"28";"27";"846";"location specific";"Frankfurt am Main"
"END";"2022";"Germany";"DE";"rail";"different sources";"inside agglomerations";"Freiburg";"49800";"35200";"7967";"3181";"31";"25";"9";"88";"32";"16";"16";"490";"location specific";"Freiburg im Breisgau"
"END";"2022";"Germany";"DE";"rail";"different sources";"inside agglomerations";"Fuerth";"11800";"9700";"1950";"1005";"7";"6";"2";"21";"10";"4";"4";"117";"location specific";"Fürth"
"END";"2022";"Germany";"DE";"rail";"different sources";"inside agglomerations";"Gelsenkirchen";"23400";"18100";"3764";"1610";"14";"12";"4";"41";"16";"8";"7";"231";"location specific";"Gelsenkirchen"
"END";"2022";"Germany";"DE";"rail";"different sources";"inside agglomerations";"Goettingen";"3700";"2700";"487";"217";"2";"2";"1";"5";"2";"1";"1";"30";"location specific";"Göttingen"
"END";"2022";"Germany";"DE";"rail";"different sources";"inside agglomerations";"Hagen";"8200";"5800";"1260";"534";"5";"4";"1";"14";"5";"3";"2";"77";"location specific";"Hagen"
"END";"2022";"Germany";"DE";"rail";"different sources";"inside agglomerations";"Halle";"29000";"20400";"4740";"1946";"18";"15";"5";"52";"19";"10";"9";"289";"location specific";"Halle (Saale)"
"END";"2022";"Germany";"DE";"rail";"different sources";"inside agglomerations";"Hamburg";"117300";"86300";"18007";"7677";"69";"55";"21";"198";"77";"37";"36";"1107";"location specific";"Hamburg"
"END";"2022";"Germany";"DE";"rail";"different sources";"inside agglomerations";"Hanau";"11300";"9200";"1704";"828";"7";"5";"2";"19";"8";"3";"3";"105";"location specific";"Hanau"
"END";"2022";"Germany";"DE";"rail";"different sources";"inside agglomerations";"Hanover";"79800";"59300";"12756";"5462";"49";"39";"15";"140";"55";"26";"25";"780";"location specific";"Hannover"
"END";"2022";"Germany";"DE";"rail";"different sources";"inside agglomerations";"Heidelberg";"21200";"16400";"3772";"1683";"14";"12";"4";"41";"17";"8";"7";"231";"location specific";"Heidelberg"
"END";"2022";"Germany";"DE";"rail";"different sources";"inside agglomerations";"Heilbronn";"3800";"2600";"566";"209";"2";"2";"1";"6";"2";"1";"1";"35";"location specific";"Heilbronn"
"END";"2022";"Germany";"DE";"rail";"different sources";"inside agglomerations";"Herne";"17900";"14200";"2728";"1304";"10";"8";"3";"30";"13";"6";"5";"166";"location specific";"Herne"
"END";"2022";"Germany";"DE";"rail";"different sources";"inside agglomerations";"Hildesheim";"4200";"3200";"644";"296";"2";"2";"1";"7";"3";"1";"1";"40";"location specific";"Hildesheim"
"END";"2022";"Germany";"DE";"rail";"different sources";"inside agglomerations";"Ingolstadt";"7500";"5900";"1100";"539";"4";"3";"1";"12";"5";"2";"2";"67";"location specific";"Ingolstadt"
"END";"2022";"Germany";"DE";"rail";"different sources";"inside agglomerations";"Karlsruhe";"42400";"30700";"6711";"2834";"26";"21";"8";"74";"28";"14";"13";"412";"location specific";"Karlsruhe"
"END";"2022";"Germany";"DE";"rail";"different sources";"inside agglomerations";"Kassel";"33500";"26200";"5842";"2752";"22";"18";"7";"64";"28";"12";"11";"350";"location specific";"Kassel"
"END";"2022";"Germany";"DE";"rail";"different sources";"inside agglomerations";"Kiel";"1900";"1100";"267";"86";"1";"1";"0";"3";"1";"1";"1";"17";"location specific";"Kiel"
"END";"2022";"Germany";"DE";"rail";"different sources";"inside agglomerations";"Koblenz";"16600";"14800";"2896";"1692";"11";"9";"3";"32";"17";"6";"6";"172";"location specific";"Koblenz"
"END";"2022";"Germany";"DE";"rail";"different sources";"inside agglomerations";"Krefeld";"30300";"24900";"5181";"2378";"20";"16";"6";"57";"24";"11";"10";"318";"location specific";"Krefeld"
"END";"2022";"Germany";"DE";"rail";"different sources";"inside agglomerations";"Leipzig";"99200";"72900";"16001";"6401";"62";"50";"19";"176";"64";"33";"32";"997";"location specific";"Leipzig"
"END";"2022";"Germany";"DE";"rail";"different sources";"inside agglomerations";"Leverkusen";"8100";"6000";"1250";"565";"5";"4";"1";"14";"6";"3";"2";"77";"location specific";"Leverkusen"
"END";"2022";"Germany";"DE";"rail";"different sources";"inside agglomerations";"Ludwigshafen";"22400";"14700";"3717";"1518";"14";"11";"4";"41";"15";"7";"7";"223";"location specific";"Ludwigshafen am Rhein"
"END";"2022";"Germany";"DE";"rail";"different sources";"inside agglomerations";"Luebeck";"3600";"2400";"481";"191";"2";"2";"1";"5";"2";"1";"1";"30";"location specific";"Lübeck"
"END";"2022";"Germany";"DE";"rail";"different sources";"inside agglomerations";"Magdeburg";"27500";"20500";"4147";"1684";"16";"13";"5";"46";"17";"9";"8";"260";"location specific";"Magdeburg"
"END";"2022";"Germany";"DE";"rail";"different sources";"inside agglomerations";"Mainz";"19600";"14600";"3203";"1513";"12";"10";"4";"35";"15";"6";"6";"194";"location specific";"Mainz"
"END";"2022";"Germany";"DE";"rail";"different sources";"inside agglomerations";"Mannheim";"49800";"33800";"7605";"3044";"29";"24";"9";"84";"30";"16";"15";"470";"location specific";"Mannheim"
"END";"2022";"Germany";"DE";"rail";"different sources";"inside agglomerations";"Moenchengladbach";"10300";"7900";"1638";"788";"6";"5";"2";"18";"8";"3";"3";"99";"location specific";"Mönchengladbach"
"END";"2022";"Germany";"DE";"rail";"different sources";"inside agglomerations";"Moers";"3500";"2800";"506";"242";"2";"2";"1";"6";"2";"1";"1";"32";"location specific";"Moers"
"END";"2022";"Germany";"DE";"rail";"different sources";"inside agglomerations";"Muelheim on the Ruhr";"19000";"14100";"3005";"1166";"12";"9";"4";"33";"12";"6";"6";"189";"location specific";"Mülheim an der Ruhr"
"END";"2022";"Germany";"DE";"rail";"different sources";"inside agglomerations";"Muenster";"15000";"11700";"2303";"1092";"9";"7";"3";"25";"11";"5";"5";"142";"location specific";"Münster"
"END";"2022";"Germany";"DE";"rail";"different sources";"inside agglomerations";"Munich";"157600";"117900";"25633";"11501";"97";"78";"29";"282";"115";"51";"50";"1551";"location specific";"München"
"END";"2022";"Germany";"DE";"rail";"different sources";"inside agglomerations";"Neuss";"12100";"8900";"1890";"827";"7";"6";"2";"21";"8";"4";"4";"113";"location specific";"Neuss"
"END";"2022";"Germany";"DE";"rail";"different sources";"inside agglomerations";"Nuremberg";"64100";"48900";"9911";"4386";"38";"31";"12";"109";"44";"20";"20";"613";"location specific";"Nürnberg"
"END";"2022";"Germany";"DE";"rail";"different sources";"inside agglomerations";"Oberhausen";"17600";"12800";"2572";"1146";"10";"8";"3";"28";"11";"5";"5";"159";"location specific";"Oberhausen"
"END";"2022";"Germany";"DE";"rail";"different sources";"inside agglomerations";"Offenbach on the Main";"9900";"7500";"1651";"770";"6";"5";"2";"18";"8";"3";"3";"100";"location specific";"Offenbach am Main"
"END";"2022";"Germany";"DE";"rail";"different sources";"inside agglomerations";"Oldenburg";"3700";"2600";"511";"194";"2";"2";"1";"6";"2";"1";"1";"32";"location specific";"Oldenburg (Oldenburg)"
"END";"2022";"Germany";"DE";"rail";"different sources";"inside agglomerations";"Osnabrueck";"8600";"6500";"1219";"549";"5";"4";"1";"13";"5";"2";"2";"75";"location specific";"Osnabrück"
"END";"2022";"Germany";"DE";"rail";"different sources";"inside agglomerations";"Pforzheim";"3800";"2800";"594";"274";"2";"2";"1";"7";"3";"1";"1";"36";"location specific";"Pforzheim"
"END";"2022";"Germany";"DE";"rail";"different sources";"inside agglomerations";"Potsdam";"23500";"15000";"3658";"1373";"14";"11";"4";"40";"14";"7";"7";"226";"location specific";"Potsdam"
"END";"2022";"Germany";"DE";"rail";"different sources";"inside agglomerations";"Recklinghausen";"4900";"4000";"718";"363";"3";"2";"1";"8";"4";"1";"1";"44";"location specific";"Recklinghausen"
"END";"2022";"Germany";"DE";"rail";"different sources";"inside agglomerations";"Regensburg";"7000";"5500";"1023";"491";"4";"3";"1";"11";"5";"2";"2";"63";"location specific";"Regensburg"
"END";"2022";"Germany";"DE";"rail";"different sources";"inside agglomerations";"Remscheid";"500";"100";"64";"7";"0";"0";"0";"1";"0";"0";"0";"4";"location specific";"Remscheid"
"END";"2022";"Germany";"DE";"rail";"different sources";"inside agglomerations";"Reutlingen";"1100";"500";"145";"37";"1";"0";"0";"2";"0";"0";"0";"9";"location specific";"Reutlingen"
"END";"2022";"Germany";"DE";"rail";"different sources";"inside agglomerations";"Rostock";"25500";"19800";"3660";"1556";"14";"11";"4";"40";"16";"8";"7";"228";"location specific";"Rostock"
"END";"2022";"Germany";"DE";"rail";"different sources";"inside agglomerations";"Saarbruecken";"17100";"13800";"2906";"1406";"11";"9";"3";"32";"14";"6";"6";"174";"location specific";"Saarbrücken"
"END";"2022";"Germany";"DE";"rail";"different sources";"inside agglomerations";"Solingen";"3900";"2800";"598";"254";"2";"2";"1";"7";"3";"1";"1";"37";"location specific";"Solingen"
"END";"2022";"Germany";"DE";"rail";"different sources";"inside agglomerations";"Stuttgart";"67600";"48200";"10947";"4550";"42";"34";"13";"120";"45";"22";"21";"669";"location specific";"Stuttgart"
"END";"2022";"Germany";"DE";"rail";"different sources";"inside agglomerations";"Ulm";"10800";"8500";"1817";"811";"7";"6";"2";"20";"8";"4";"4";"112";"location specific";"Ulm"
"END";"2022";"Germany";"DE";"rail";"different sources";"inside agglomerations";"Wiesbaden";"10100";"8600";"1592";"841";"6";"5";"2";"18";"8";"3";"3";"97";"location specific";"Wiesbaden"
"END";"2022";"Germany";"DE";"rail";"different sources";"inside agglomerations";"Wuerzburg";"22100";"17100";"3934";"1980";"14";"12";"4";"43";"20";"8";"7";"231";"location specific";"Würzburg"
"END";"2022";"Germany";"DE";"rail";"different sources";"inside agglomerations";"Wuppertal";"16300";"10600";"2675";"1068";"10";"8";"3";"29";"11";"5";"5";"162";"location specific";"Wuppertal"
"END";"2022";"Germany";"DE";"industry";"different sources";"inside agglomerations";"Aachen";"3600";"1100";"422";"67";"2";"1";"0";"5";"1";"1";"1";"25";"location specific";"Aachen"
"END";"2022";"Germany";"DE";"industry";"different sources";"inside agglomerations";"Augsburg";"200";"0";"18";"0";"0";"0";"0";"0";"0";"0";"0";"1";"location specific";"Augsburg"
"END";"2022";"Germany";"DE";"industry";"different sources";"inside agglomerations";"Bergisch Gladbach";"0";"0";"0";"0";"0";"0";"0";"0";"0";"0";"0";"0";"location specific";"Bergisch Gladbach"
"END";"2022";"Germany";"DE";"industry";"different sources";"inside agglomerations";"Berlin";"700";"0";"66";"0";"0";"0";"0";"1";"0";"0";"0";"4";"location specific";"Berlin"
"END";"2022";"Germany";"DE";"industry";"different sources";"inside agglomerations";"Bielefeld";"100";"0";"9";"0";"0";"0";"0";"0";"0";"0";"0";"1";"location specific";"Bielefeld"
"END";"2022";"Germany";"DE";"industry";"different sources";"inside agglomerations";"Bochum";"700";"0";"66";"0";"0";"0";"0";"1";"0";"0";"0";"4";"location specific";"Bochum"
"END";"2022";"Germany";"DE";"industry";"different sources";"inside agglomerations";"Bonn";"400";"200";"40";"11";"0";"0";"0";"0";"0";"0";"0";"3";"location specific";"Bonn"
"END";"2022";"Germany";"DE";"industry";"different sources";"inside agglomerations";"Bottrop";"100";"0";"9";"0";"0";"0";"0";"0";"0";"0";"0";"1";"location specific";"Bottrop"
"END";"2022";"Germany";"DE";"industry";"different sources";"inside agglomerations";"Bremen";"12500";"9900";"1463";"641";"5";"4";"2";"16";"6";"3";"3";"83";"location specific";"Bremen"
"END";"2022";"Germany";"DE";"industry";"different sources";"inside agglomerations";"Bremerhaven";"1500";"200";"164";"11";"1";"0";"0";"2";"0";"0";"0";"10";"location specific";"Bremerhaven"
"END";"2022";"Germany";"DE";"industry";"different sources";"inside agglomerations";"Brunswick";"12300";"200";"1269";"11";"5";"4";"2";"14";"0";"3";"3";"80";"location specific";"Braunschweig"
"END";"2022";"Germany";"DE";"industry";"different sources";"inside agglomerations";"Cologne";"1300";"0";"122";"0";"0";"0";"0";"1";"0";"0";"0";"8";"location specific";"Köln"
"END";"2022";"Germany";"DE";"industry";"different sources";"inside agglomerations";"Darmstadt";"3500";"3000";"569";"265";"2";"1";"1";"6";"3";"1";"1";"28";"location specific";"Darmstadt"
"END";"2022";"Germany";"DE";"industry";"different sources";"inside agglomerations";"Dortmund";"100";"0";"9";"0";"0";"0";"0";"0";"0";"0";"0";"1";"location specific";"Dortmund"
"END";"2022";"Germany";"DE";"industry";"different sources";"inside agglomerations";"Duesseldorf";"600";"0";"53";"0";"0";"0";"0";"1";"0";"0";"0";"4";"location specific";"Düsseldorf"
"END";"2022";"Germany";"DE";"industry";"different sources";"inside agglomerations";"Duisburg";"12300";"4400";"1203";"269";"5";"4";"1";"13";"3";"3";"2";"78";"location specific";"Duisburg"
"END";"2022";"Germany";"DE";"industry";"different sources";"inside agglomerations";"Erlangen";"100";"0";"9";"0";"0";"0";"0";"0";"0";"0";"0";"1";"location specific";"Erlangen"
"END";"2022";"Germany";"DE";"industry";"different sources";"inside agglomerations";"Essen";"100";"0";"9";"0";"0";"0";"0";"0";"0";"0";"0";"1";"location specific";"Essen"
"END";"2022";"Germany";"DE";"industry";"different sources";"inside agglomerations";"Frankfurt on the Main";"1000";"300";"119";"22";"0";"0";"0";"1";"0";"0";"0";"7";"location specific";"Frankfurt am Main"
"END";"2022";"Germany";"DE";"industry";"different sources";"inside agglomerations";"Freiburg";"1800";"400";"184";"24";"1";"1";"0";"2";"0";"0";"0";"11";"location specific";"Freiburg im Breisgau"
"END";"2022";"Germany";"DE";"industry";"different sources";"inside agglomerations";"Fuerth";"200";"0";"18";"0";"0";"0";"0";"0";"0";"0";"0";"1";"location specific";"Fürth"
"END";"2022";"Germany";"DE";"industry";"different sources";"inside agglomerations";"Gelsenkirchen";"100";"0";"9";"0";"0";"0";"0";"0";"0";"0";"0";"1";"location specific";"Gelsenkirchen"
"END";"2022";"Germany";"DE";"industry";"different sources";"inside agglomerations";"Goettingen";"600";"0";"62";"0";"0";"0";"0";"1";"0";"0";"0";"4";"location specific";"Göttingen"
"END";"2022";"Germany";"DE";"industry";"different sources";"inside agglomerations";"Halle";"0";"0";"0";"0";"0";"0";"0";"0";"0";"0";"0";"0";"location specific";"Halle (Saale)"
"END";"2022";"Germany";"DE";"industry";"different sources";"inside agglomerations";"Hamburg";"6000";"3700";"587";"206";"2";"2";"1";"6";"2";"1";"1";"37";"location specific";"Hamburg"
"END";"2022";"Germany";"DE";"industry";"different sources";"inside agglomerations";"Hanau";"1200";"900";"130";"53";"0";"0";"0";"1";"1";"0";"0";"8";"location specific";"Hanau"
"END";"2022";"Germany";"DE";"industry";"different sources";"inside agglomerations";"Hanover";"1900";"900";"207";"64";"1";"1";"0";"2";"1";"0";"0";"13";"location specific";"Hannover"
"END";"2022";"Germany";"DE";"industry";"different sources";"inside agglomerations";"Heilbronn";"1500";"1200";"173";"78";"1";"1";"0";"2";"1";"0";"0";"10";"location specific";"Heilbronn"
"END";"2022";"Germany";"DE";"industry";"different sources";"inside agglomerations";"Herne";"2500";"0";"246";"0";"1";"1";"0";"3";"0";"1";"1";"16";"location specific";"Herne"
"END";"2022";"Germany";"DE";"industry";"different sources";"inside agglomerations";"Hildesheim";"1100";"300";"116";"19";"0";"0";"0";"1";"0";"0";"0";"7";"location specific";"Hildesheim"
"END";"2022";"Germany";"DE";"industry";"different sources";"inside agglomerations";"Ingolstadt";"600";"500";"76";"35";"0";"0";"0";"1";"0";"0";"0";"4";"location specific";"Ingolstadt"
"END";"2022";"Germany";"DE";"industry";"different sources";"inside agglomerations";"Karlsruhe";"1600";"0";"144";"0";"1";"0";"0";"2";"0";"0";"0";"10";"location specific";"Karlsruhe"
"END";"2022";"Germany";"DE";"industry";"different sources";"inside agglomerations";"Kassel";"0";"0";"0";"0";"0";"0";"0";"0";"0";"0";"0";"0";"location specific";"Kassel"
"END";"2022";"Germany";"DE";"industry";"different sources";"inside agglomerations";"Kiel";"1000";"600";"108";"43";"0";"0";"0";"1";"0";"0";"0";"7";"location specific";"Kiel"
"END";"2022";"Germany";"DE";"industry";"different sources";"inside agglomerations";"Koblenz";"200";"0";"18";"0";"0";"0";"0";"0";"0";"0";"0";"1";"location specific";"Koblenz"
"END";"2022";"Germany";"DE";"industry";"different sources";"inside agglomerations";"Krefeld";"1100";"600";"101";"35";"0";"0";"0";"1";"0";"0";"0";"7";"location specific";"Krefeld"
"END";"2022";"Germany";"DE";"industry";"different sources";"inside agglomerations";"Leipzig";"300";"0";"26";"0";"0";"0";"0";"0";"0";"0";"0";"2";"location specific";"Leipzig"
"END";"2022";"Germany";"DE";"industry";"different sources";"inside agglomerations";"Leverkusen";"300";"0";"26";"0";"0";"0";"0";"0";"0";"0";"0";"2";"location specific";"Leverkusen"
"END";"2022";"Germany";"DE";"industry";"different sources";"inside agglomerations";"Ludwigshafen";"600";"400";"57";"24";"0";"0";"0";"1";"0";"0";"0";"4";"location specific";"Ludwigshafen am Rhein"
"END";"2022";"Germany";"DE";"industry";"different sources";"inside agglomerations";"Luebeck";"1600";"500";"170";"32";"1";"1";"0";"2";"0";"0";"0";"11";"location specific";"Lübeck"
"END";"2022";"Germany";"DE";"industry";"different sources";"inside agglomerations";"Mainz";"900";"400";"88";"24";"0";"0";"0";"1";"0";"0";"0";"6";"location specific";"Mainz"
"END";"2022";"Germany";"DE";"industry";"different sources";"inside agglomerations";"Mannheim";"9400";"200";"946";"11";"4";"3";"1";"10";"0";"2";"2";"61";"location specific";"Mannheim"
"END";"2022";"Germany";"DE";"industry";"different sources";"inside agglomerations";"Moenchengladbach";"0";"0";"0";"0";"0";"0";"0";"0";"0";"0";"0";"0";"location specific";"Mönchengladbach"
"END";"2022";"Germany";"DE";"industry";"different sources";"inside agglomerations";"Moers";"100";"0";"9";"0";"0";"0";"0";"0";"0";"0";"0";"1";"location specific";"Moers"
"END";"2022";"Germany";"DE";"industry";"different sources";"inside agglomerations";"Muelheim on the Ruhr";"0";"0";"0";"0";"0";"0";"0";"0";"0";"0";"0";"0";"location specific";"Mülheim an der Ruhr"
"END";"2022";"Germany";"DE";"industry";"different sources";"inside agglomerations";"Muenster";"0";"0";"0";"0";"0";"0";"0";"0";"0";"0";"0";"0";"location specific";"Münster"
"END";"2022";"Germany";"DE";"industry";"different sources";"inside agglomerations";"Munich";"500";"0";"44";"0";"0";"0";"0";"0";"0";"0";"0";"3";"location specific";"München"
"END";"2022";"Germany";"DE";"industry";"different sources";"inside agglomerations";"Neuss";"1800";"800";"240";"57";"1";"1";"0";"3";"1";"0";"0";"13";"location specific";"Neuss"
"END";"2022";"Germany";"DE";"industry";"different sources";"inside agglomerations";"Nuremberg";"200";"0";"18";"0";"0";"0";"0";"0";"0";"0";"0";"1";"location specific";"Nürnberg"
"END";"2022";"Germany";"DE";"industry";"different sources";"inside agglomerations";"Oberhausen";"500";"0";"44";"0";"0";"0";"0";"0";"0";"0";"0";"3";"location specific";"Oberhausen"
"END";"2022";"Germany";"DE";"industry";"different sources";"inside agglomerations";"Offenbach on the Main";"100";"0";"9";"0";"0";"0";"0";"0";"0";"0";"0";"1";"location specific";"Offenbach am Main"
"END";"2022";"Germany";"DE";"industry";"different sources";"inside agglomerations";"Oldenburg";"0";"0";"0";"0";"0";"0";"0";"0";"0";"0";"0";"0";"location specific";"Oldenburg (Oldenburg)"
"END";"2022";"Germany";"DE";"industry";"different sources";"inside agglomerations";"Osnabrueck";"0";"0";"0";"0";"0";"0";"0";"0";"0";"0";"0";"0";"location specific";"Osnabrück"
"END";"2022";"Germany";"DE";"industry";"different sources";"inside agglomerations";"Pforzheim";"100";"0";"9";"0";"0";"0";"0";"0";"0";"0";"0";"1";"location specific";"Pforzheim"
"END";"2022";"Germany";"DE";"industry";"different sources";"inside agglomerations";"Potsdam";"400";"0";"35";"0";"0";"0";"0";"0";"0";"0";"0";"2";"location specific";"Potsdam"
"END";"2022";"Germany";"DE";"industry";"different sources";"inside agglomerations";"Recklinghausen";"0";"0";"0";"0";"0";"0";"0";"0";"0";"0";"0";"0";"location specific";"Recklinghausen"
"END";"2022";"Germany";"DE";"industry";"different sources";"inside agglomerations";"Regensburg";"500";"100";"48";"5";"0";"0";"0";"1";"0";"0";"0";"3";"location specific";"Regensburg"
"END";"2022";"Germany";"DE";"industry";"different sources";"inside agglomerations";"Remscheid";"0";"0";"0";"0";"0";"0";"0";"0";"0";"0";"0";"0";"location specific";"Remscheid"
"END";"2022";"Germany";"DE";"industry";"different sources";"inside agglomerations";"Reutlingen";"0";"0";"0";"0";"0";"0";"0";"0";"0";"0";"0";"0";"location specific";"Reutlingen"
"END";"2022";"Germany";"DE";"industry";"different sources";"inside agglomerations";"Rostock";"300";"200";"26";"11";"0";"0";"0";"0";"0";"0";"0";"2";"location specific";"Rostock"
"END";"2022";"Germany";"DE";"industry";"different sources";"inside agglomerations";"Saarbruecken";"0";"0";"0";"0";"0";"0";"0";"0";"0";"0";"0";"0";"location specific";"Saarbrücken"
"END";"2022";"Germany";"DE";"industry";"different sources";"inside agglomerations";"Stuttgart";"600";"100";"57";"5";"0";"0";"0";"1";"0";"0";"0";"4";"location specific";"Stuttgart"
"END";"2022";"Germany";"DE";"industry";"different sources";"inside agglomerations";"Ulm";"100";"400";"9";"24";"0";"0";"0";"0";"0";"0";"0";"1";"location specific";"Ulm"
"END";"2022";"Germany";"DE";"industry";"different sources";"inside agglomerations";"Wiesbaden";"700";"600";"71";"37";"0";"0";"0";"1";"0";"0";"0";"5";"location specific";"Wiesbaden"
"END";"2022";"Germany";"DE";"industry";"different sources";"inside agglomerations";"Wuerzburg";"0";"0";"0";"0";"0";"0";"0";"0";"0";"0";"0";"0";"location specific";"Würzburg"
"END";"2022";"Germany";"DE";"industry";"different sources";"inside agglomerations";"Wuppertal";"600";"0";"57";"0";"0";"0";"0";"1";"0";"0";"0";"4";"location specific";"Wuppertal"
